Country,Age,Salary,Purchased
China,44,72000,No
Japan,27,48000,Yes
Korea,30,54000,No
Japan,38,61000,No
Korea,40,,Yes
China,35,58000,Yes
Japan,,52000,No
China,48,79000,Yes
Korea,50,83000,No
China,37,67000,Yes
Korea,23,99000,No
China,62,83000,Yes
Japan,52,67000,No
China,45,42000,No
Korea,25,65000,Yes
China,85,45000,Yes
Japan,24,32000,No
Korea,,94000,Yes
Japan,85,23000,No
Korea,48,85000,Yes
China,52,32000,No
Japan,34,45000,Yes
China,52,25000,No
Korea,18,85000,No
China,,75000,Yes
Korea,21,,Yes
China,51,25000,No
Japan,21,84000,Yes
China,64,35000,No
